Delta,Theta,Alpha,Beta,Gamma,GyroX,GyroY,GyroZ,AccelX,AccelY,AccelZ,FO-NF,FO-FA,UF-NF,UF-FA,Label_Class
0.0013306676749780181,0.03318643337250269,0.1314952507498983,0.8327804264191566,0.0012072217834642955,0.9015048490954165,0.9016263459730356,0.8979391817720899,124.34491978609626,90.13146154668553,0.8962741219056966,0.0,0.0,0.0,0.0,Focus-NotFatigued
0.014954124742172328,0.03684910672326168,0.1362074126820241,0.8103314010052549,0.0016579548472869692,0.8988981117890239,0.8943259040164045,0.9068867432561074,133.20921985815602,90.14787945170649,0.9048864576855853,0.0,0.0,0.0,0.0,Focus-NotFatigued
0.014352063931829641,0.03504547885623381,0.13520638205465643,0.8144481401335383,0.000947935023741892,0.9024186482762377,0.8966713614580872,0.9032178415164864,127.0272373540856,89.4139799855008,0.9011615831904333,0.0,0.0,0.0,0.0,Focus-NotFatigued
0.1560808718908376,0.0703776526053715,0.1513641989718333,0.6213020450750567,0.0008752314569008431,0.8991697941151647,0.8949430846602421,0.9016615640567027,130.5,89.6415127159049,0.8980645706484637,0.0,0.0,0.0,0.0,Focus-NotFatigued
0.15463331793336382,0.06795431151517016,0.14705094481701317,0.6295027469759243,0.0008586787585284569,0.9008403256381474,0.8962076995295819,0.9034883806746719,126.01185770750988,90.50284090125903,0.8934790833156113,0.0,0.0,0.0,0.0,Focus-NotFatigued
0.1512441317183445,0.06770344173448123,0.14597482145161866,0.6341621121823049,0.0009154929132506945,0.9011984149986717,0.8977258740568501,0.8968490974539868,126.04743083003953,89.81553761551602,0.8991283014184906,0.0,0.0,0.0,0.0,Focus-NotFatigued
0.15043539752549062,0.06727711138924349,0.14557931214881978,0.635892442438307,0.0008157364981392169,0.9010943828499375,0.9013810685995752,0.9038603583782041,126.08300395256917,89.40315491377336,0.9001037255744848,0.0,0.0,0.0,0.0,Focus-NotFatigued
0.15742086071011246,0.0685972177765386,0.14926121945414486,0.6233838485761612,0.0013368534830428783,0.894296023159663,0.9031545506415132,0.9015532646845995,126.11857707509881,89.1023144618785,0.895096828741892,0.0,0.0,0.0,0.0,Focus-NotFatigued
